<virtual-user errorPolicy="DO_NOTHING"
    failedAssertionPolicy="DO_NOTHING" slaProfileEnabled="false" uid="ushaidi">
    <init-container element-number="1" execution-type="0" pacingEnd="0"
        pacingMode="MODE_NO_PACING" pacingStart="0" pacingValue="0"
        slaProfileEnabled="false" weightsEnabled="false">
        <description>Elements executed once when the Virtual User starts.</description>
    </init-container>
    <actions-container clearUserIterationDataMode="AUTO"
        element-number="1" execution-type="0" pacingEnd="0"
        pacingMode="MODE_NO_PACING" pacingStart="0" pacingValue="0"
        slaProfileEnabled="false" weightsEnabled="false">
        <description>Elements repeated until the Virtual User stops.</description>
        <weighted-embedded-action uid="49a1cbe8-197a-4e95-a4dd-7c8b27187000"/>
        <weighted-embedded-action uid="99bf43de-abf4-483e-bd6d-7263ebaae754"/>
        <weighted-embedded-action uid="704ab197-361b-462c-a9cd-e26bd88b363b"/>
        <weighted-embedded-action uid="33465473-76a8-44c3-a4d8-4dfa0a30de60"/>
        <weighted-embedded-action uid="1ba8333a-d9fe-498e-a8d3-f261817a74cb"/>
        <weighted-embedded-action uid="27bdad19-21a6-4100-840a-ae463f559b3a"/>
        <weighted-embedded-action uid="ad18a9b5-c242-4bca-bcd1-e3e5a1aaf455"/>
    </actions-container>
    <end-container element-number="1" execution-type="0" pacingEnd="0"
        pacingMode="MODE_NO_PACING" pacingStart="0" pacingValue="0"
        slaProfileEnabled="false" weightsEnabled="false">
        <description>Elements executed before the Virtual User stops.</description>
    </end-container>
    <thinktime-policy thinkTimeMode="MODE_SIMPLE_THINK_TIME"
        thinktimeFactorValue="100" thinktimePolicy="0"
        thinktimeRangeValue="0" thinktimeValue="5000"/>
</virtual-user>
