<http-page executeResourcesDynamically="false" name="/main"
    playRequestsSequentially="false"
    recordedArtifactZipFileName="team/vus/ushaidi/%resources%/recorded-artifacts/0d24249d-fe4d-44fe-b95e-0449db51769d.zip"
    slaProfileEnabled="false" thinkTime="3649"
    thinkTimeMode="MODE_SIMPLE_THINK_TIME" thinkTimeRangeEnd=""
    thinkTimeRangeStart="" uid="0d24249d-fe4d-44fe-b95e-0449db51769d">
    <embedded-action>9b5bd0cb-b7f1-4c01-8d91-8784ba0bd465</embedded-action>
    <embedded-action>d1706227-2a7d-423b-ba53-9e9f6dca805e</embedded-action>
    <embedded-action>7c35d73f-5b79-407e-9062-1a5a820f3c1f</embedded-action>
    <screenshotFileDescription>recorded-screenshots/sc_0d24249d-fe4d-44fe-b95e-0449db51769d.jpg</screenshotFileDescription>
</http-page>
<http-action actionType="1" contentType="text/html; charset=UTF-8"
    extractorInjectPathPolicy="2" extractorPathPolicy="1"
    followRedirects="false" generatedByClient="false"
    linkExtractorSeveralMatchOccurrence="1"
    linkExtractorSeveralMatchPolicy="1" linkExtractorType="6"
    method="GET" name="/main" path="/main" postType="1"
    recordedArtifactZipFileName="team/vus/ushaidi/%resources%/recorded-artifacts/0d24249d-fe4d-44fe-b95e-0449db51769d.zip"
    recordedResponseCode="200" responseSize="26443"
    serverUid="ushahidi.demo.neotys.com" slaProfileEnabled="false"
    uid="9b5bd0cb-b7f1-4c01-8d91-8784ba0bd465" useKeepAlive="false">
    <responsePageFileDescription>recorded-responses/res_9b5bd0cb-b7f1-4c01-8d91-8784ba0bd465.html</responsePageFileDescription>
    <requestContentFileDescription>recorded-requests/req_9b5bd0cb-b7f1-4c01-8d91-8784ba0bd465.txt</requestContentFileDescription>
    <header name="Accept" value="text/html,application/xhtml+xml,application/xml;q=0.9,image/webp,image/apng,*/*;q=0.8,application/signed-exchange;v=b3"/>
    <header name="Accept-Encoding" value="gzip, deflate"/>
    <header name="Accept-Language" value="en-US,en;q=0.9,fr;q=0.8"/>
    <header name="Cookie" value="keyCampaignStatus=Responded; _mkto_trk=id:863-AGR-996&amp;token:_mch-neotys.com-1550552667067-46615; _ga=GA1.2.454596787.1550552668; _fbp=fb.1.1550552668379.84070352; mf_user=39f7a585e468c3f2a210350f70262b39|; keyIncomingSource=Web+Direct; keyCampaignId=7010J000001VeHe; keyReferrer=https%3A%2F%2Fwww.google.com%2F; keyKeywords=NW%3A+Search+KW%3A+; _gcl_au=1.1.187446469.1558352723; rxVisitor=1558596550569UTHED32A66F86GB0J8OP1ORGTUV52P9R; __utmc=179381947; ushahidi=od6at27mtvo6td61t61392glr1; __utmc=254652684; __utmz=179381947.1558677658.83.5.utmcsr=google|utmccn=(organic)|utmcmd=organic|utmctr=(not%20provided); _gid=GA1.2.1100545240.1558949313; __utma=179381947.454596787.1550552668.1559042640.1559045848.89; dtLatC=1; dtSa=-; dtCookie=5$B185562EF14BD6E108C6058F5B274C5C|522875fdd3fa12d3|1|ea7c4b59f27d43eb|1; __utma=254652684.454596787.1550552668.1558656933.1559191816.6; __utmz=254652684.1559191816.6.2.utmcsr=neotys.com|utmccn=(referral)|utmcmd=referral|utmcct=/recorder.html; __utmt=1; rxvt=1559193767698|1559191967698; dtPC=5$477655168_75h-vLENMEPDUIGCTLHIEJJSHJDPIMNDCBSES; __utmb=254652684.7.10.1559191816"/>
    <header name="DNT" value="1"/>
    <header name="Host" value="ushahidi.demo.neotys.com"/>
    <header name="Referer" value="http://ushahidi.demo.neotys.com/reports/thanks"/>
    <header name="Upgrade-Insecure-Requests" value="1"/>
    <header name="User-Agent" value="Mozilla/5.0 (Windows NT 6.3; Win64; x64) AppleWebKit/537.36 (KHTML, like Gecko) Chrome/74.0.3729.169 Safari/537.36"/>
    <responseHeaders>HTTP/1.1 200 OK&#xd;
Date: Thu, 30 May 2019 04:53:34 GMT&#xd;
Server: Apache/2.2.16 (Debian)&#xd;
X-Powered-By: PHP/5.3.3-7+squeeze19&#xd;
Expires: Thu, 19 Nov 1981 08:52:00 GMT&#xd;
Cache-Control: no-store, no-cache, must-revalidate, post-check=0, pre-check=0&#xd;
Pragma: no-cache&#xd;
Vary: Accept-Encoding&#xd;
Content-Type: text/html; charset=UTF-8&#xd;
Set-Cookie: ushahidi=od6at27mtvo6td61t61392glr1; path=/; httponly&#xd;
Transfer-Encoding: chunked</responseHeaders>
    <record-html-infos extractorRegExp="false" htmlType="0"/>
</http-action>
<http-action actionType="1" contentType="text/javascript; charset=UTF-8"
    extractorInjectPathPolicy="2" extractorPathPolicy="1"
    followRedirects="false" generatedByClient="false"
    linkExtractorSeveralMatchOccurrence="1"
    linkExtractorSeveralMatchPolicy="1" linkExtractorType="6"
    method="GET" name="/maps/api/js/ViewportInfoService.GetViewportInfo"
    path="/maps/api/js/ViewportInfoService.GetViewportInfo" postType="1"
    recordedArtifactZipFileName="team/vus/ushaidi/%resources%/recorded-artifacts/0d24249d-fe4d-44fe-b95e-0449db51769d.zip"
    recordedResponseCode="200" responseSize="15093"
    serverUid="maps.googleapis.com" slaProfileEnabled="false"
    uid="d1706227-2a7d-423b-ba53-9e9f6dca805e" useKeepAlive="false">
    <responsePageFileDescription>recorded-responses/res_d1706227-2a7d-423b-ba53-9e9f6dca805e</responsePageFileDescription>
    <requestContentFileDescription>recorded-requests/req_d1706227-2a7d-423b-ba53-9e9f6dca805e.txt</requestContentFileDescription>
    <parameter encodeName="true" encodeValue="true" name="1m6"
        recordRawValue="" separator="" value="" valueMode="USE_VALUE"/>
    <parameter encodeName="true" encodeValue="true" name="1m2"
        recordRawValue="" separator="" value="" valueMode="USE_VALUE"/>
    <parameter encodeName="true" encodeValue="true"
        name="1d-32.604251163693974" recordRawValue="" separator=""
        value="" valueMode="USE_VALUE"/>
    <parameter encodeName="true" encodeValue="true" name="2d-180"
        recordRawValue="" separator="" value="" valueMode="USE_VALUE"/>
    <parameter encodeName="true" encodeValue="true" name="2m2"
        recordRawValue="" separator="" value="" valueMode="USE_VALUE"/>
    <parameter encodeName="true" encodeValue="true" name="1d90"
        recordRawValue="" separator="" value="" valueMode="USE_VALUE"/>
    <parameter encodeName="true" encodeValue="true" name="2d180"
        recordRawValue="" separator="" value="" valueMode="USE_VALUE"/>
    <parameter encodeName="true" encodeValue="true" name="2u3"
        recordRawValue="" separator="" value="" valueMode="USE_VALUE"/>
    <parameter encodeName="true" encodeValue="true" name="4sen-US"
        recordRawValue="" separator="" value="" valueMode="USE_VALUE"/>
    <parameter encodeName="true" encodeValue="true" name="5e3"
        recordRawValue="" separator="" value="" valueMode="USE_VALUE"/>
    <parameter encodeName="true" encodeValue="true" name="6sm@467000000"
        recordRawValue="" separator="" value="" valueMode="USE_VALUE"/>
    <parameter encodeName="true" encodeValue="true" name="7b0"
        recordRawValue="" separator="" value="" valueMode="USE_VALUE"/>
    <parameter encodeName="true" encodeValue="true" name="8e0"
        recordRawValue="" separator="" value="" valueMode="USE_VALUE"/>
    <parameter encodeName="true" encodeValue="true" name="callback"
        recordRawValue="_xdc_._dotatb" separator="="
        value="_xdc_._dotatb" valueMode="USE_VALUE"/>
    <parameter encodeName="true" encodeValue="true" name="token"
        recordRawValue="43618" separator="=" value="43618" valueMode="USE_VALUE"/>
    <header name="referer" value="http://ushahidi.demo.neotys.com/main"/>
    <header name="accept-language" value="en-US,en;q=0.9,fr;q=0.8"/>
    <header name="x-client-data" value="CJG2yQEIpLbJAQjBtskBCKmdygEIqKPKAQixp8oBCOKoygEI8anKAQjyqcoBCMatygE="/>
    <header name="dnt" value="1"/>
    <header name="accept-encoding" value="gzip, deflate, br"/>
    <header name="accept" value="*/*"/>
    <header name="user-agent" value="Mozilla/5.0 (Windows NT 6.3; Win64; x64) AppleWebKit/537.36 (KHTML, like Gecko) Chrome/74.0.3729.169 Safari/537.36"/>
    <responseHeaders>HTTP/2.0 200&#xd;
content-type: text/javascript; charset=UTF-8&#xd;
date: Thu, 30 May 2019 04:56:02 GMT&#xd;
pragma: no-cache&#xd;
expires: Fri, 01 Jan 1990 00:00:00 GMT&#xd;
cache-control: no-cache, must-revalidate&#xd;
content-disposition: attachment&#xd;
content-encoding: gzip&#xd;
server: mafe&#xd;
content-length: 3444&#xd;
x-xss-protection: 0&#xd;
x-frame-options: SAMEORIGIN&#xd;
server-timing: gfet4t7; dur=53&#xd;
alt-svc: quic=":443"; ma=2592000; v="46,44,43,39"</responseHeaders>
    <record-html-infos extractorRegExp="false" htmlType="0"/>
</http-action>
<http-action actionType="1" contentType="image/gif"
    extractorInjectPathPolicy="2" extractorPathPolicy="1"
    followRedirects="false" generatedByClient="false"
    linkExtractorSeveralMatchOccurrence="1"
    linkExtractorSeveralMatchPolicy="1" linkExtractorType="6"
    method="GET" name="/scheduler" path="/scheduler" postType="1"
    recordedArtifactZipFileName="team/vus/ushaidi/%resources%/recorded-artifacts/0d24249d-fe4d-44fe-b95e-0449db51769d.zip"
    recordedResponseCode="200" responseSize="0"
    serverUid="ushahidi.demo.neotys.com" slaProfileEnabled="false"
    uid="7c35d73f-5b79-407e-9062-1a5a820f3c1f" useKeepAlive="false">
    <requestContentFileDescription>recorded-requests/req_7c35d73f-5b79-407e-9062-1a5a820f3c1f.txt</requestContentFileDescription>
    <header name="Accept" value="image/webp,image/apng,image/*,*/*;q=0.8"/>
    <header name="Accept-Encoding" value="gzip, deflate"/>
    <header name="Accept-Language" value="en-US,en;q=0.9,fr;q=0.8"/>
    <header name="Cookie" value="keyCampaignStatus=Responded; _mkto_trk=id:863-AGR-996&amp;token:_mch-neotys.com-1550552667067-46615; _ga=GA1.2.454596787.1550552668; _fbp=fb.1.1550552668379.84070352; mf_user=39f7a585e468c3f2a210350f70262b39|; keyIncomingSource=Web+Direct; keyCampaignId=7010J000001VeHe; keyReferrer=https%3A%2F%2Fwww.google.com%2F; keyKeywords=NW%3A+Search+KW%3A+; _gcl_au=1.1.187446469.1558352723; rxVisitor=1558596550569UTHED32A66F86GB0J8OP1ORGTUV52P9R; __utmc=179381947; ushahidi=od6at27mtvo6td61t61392glr1; __utmc=254652684; __utmz=179381947.1558677658.83.5.utmcsr=google|utmccn=(organic)|utmcmd=organic|utmctr=(not%20provided); _gid=GA1.2.1100545240.1558949313; __utma=179381947.454596787.1550552668.1559042640.1559045848.89; dtLatC=1; dtSa=-; dtCookie=5$B185562EF14BD6E108C6058F5B274C5C|522875fdd3fa12d3|1|ea7c4b59f27d43eb|1; __utma=254652684.454596787.1550552668.1558656933.1559191816.6; __utmz=254652684.1559191816.6.2.utmcsr=neotys.com|utmccn=(referral)|utmcmd=referral|utmcct=/recorder.html; __utmt=1; rxvt=1559193767698|1559191967698; dtPC=5$477655168_75h-vLENMEPDUIGCTLHIEJJSHJDPIMNDCBSES; __utmb=254652684.8.10.1559191816"/>
    <header name="DNT" value="1"/>
    <header name="Host" value="ushahidi.demo.neotys.com"/>
    <header name="Referer" value="http://ushahidi.demo.neotys.com/main"/>
    <header name="User-Agent" value="Mozilla/5.0 (Windows NT 6.3; Win64; x64) AppleWebKit/537.36 (KHTML, like Gecko) Chrome/74.0.3729.169 Safari/537.36"/>
    <responseHeaders>HTTP/1.1 200 OK&#xd;
Date: Thu, 30 May 2019 04:53:35 GMT&#xd;
Server: Apache/2.2.16 (Debian)&#xd;
X-Powered-By: PHP/5.3.3-7+squeeze19&#xd;
Expires: Wed, 11 Nov 1998 11:11:11 GMT&#xd;
Cache-Control: must-revalidate&#xd;
Pragma: no-cache&#xd;
Content-Length: 49&#xd;
Content-Type: image/gif&#xd;
Set-Cookie: ushahidi=od6at27mtvo6td61t61392glr1; path=/; httponly</responseHeaders>
    <record-html-infos extractorRegExp="false" htmlType="0"/>
</http-action>
