<scenario postMonitoringTime="-1" preMonitoringTime="-1"
    slaProfileEnabled="false" uid="jenkinsscenario" virtualUsersStates="true">
    <!--****** POPULATION POLICY ******-->
    <population-policy name="MyPopulation">
        <duration-policy-entry iterations="1" time="180" timeUnit="0" type="2"/>
        <volume-policy-entry>
            <constant-volume-policy iterationNumber="1" userNumber="50"/>
        </volume-policy-entry>
        <start-stop-policy-entry start-delay="0" start-type="0"
            stop-delay="60000" stop-type="0"/>
        <runtime-policy continueOnError="true" thinktimePolicy="0"
            thinktimeValue="5000" vuStartDelay="0" vuStartMode="0"/>
        <!--****** POPULATION LG HOSTS ******-->
        <lg-hosts>
            <lg-host-entry>$zoneID=Default zone;$lgID=localhost:7100</lg-host-entry>
        </lg-hosts>
    </population-policy>
    <!--****** DASHBOARDS  ******-->
    <!--****** END DASHBOARDS  ******-->
    <!--****** START DATA FILTERS  ******-->
    <!--****** END DATA FILTERS  ******-->
    <!--****** START RENDEZ-VOUS POLICIES  ******-->
    <!--****** END RENDEZ-VOUS POLICIES  ******-->
    <!--****** START DEBUG POLICY ******-->
    <debug-policy mode="0"/>
    <!--****** END DEBUG POLICY ******-->
    <!--****** START VU STATES ******-->
    <!--****** END VU STATES ******-->
    <request-path-exclusion-filter isEnabled="false">
        <regexps>
            <regexp>.*\.jpg</regexp>
            <regexp>.*\.jpeg</regexp>
            <regexp>.*\.gif</regexp>
            <regexp>.*\.png</regexp>
            <regexp>.*\.bmp</regexp>
            <regexp>.*\.css</regexp>
            <regexp>.*\.js</regexp>
            <regexp>.*\.swf</regexp>
            <regexp>.*\.ico</regexp>
            <regexp>.*\.jar</regexp>
            <regexp>.*\.class</regexp>
            <regexp>.*\.properties</regexp>
        </regexps>
    </request-path-exclusion-filter>
</scenario>
