<http-page executeResourcesDynamically="false"
    name="/maps/api/js/ViewportInfoService.GetViewportInfo"
    playRequestsSequentially="false"
    recordedArtifactZipFileName="team/vus/ushaidi/%resources%/recorded-artifacts/33465473-76a8-44c3-a4d8-4dfa0a30de60.zip"
    slaProfileEnabled="false" thinkTime="862"
    thinkTimeMode="MODE_SIMPLE_THINK_TIME" thinkTimeRangeEnd=""
    thinkTimeRangeStart="" uid="33465473-76a8-44c3-a4d8-4dfa0a30de60">
    <embedded-action>5c84055d-8e64-404d-a684-a1d49686c871</embedded-action>
    <embedded-action>8ee1442d-8830-4894-9e31-31655338ec5f</embedded-action>
    <embedded-action>2ab52e77-41f5-4fb2-91fc-981094335c13</embedded-action>
    <screenshotFileDescription>recorded-screenshots/sc_33465473-76a8-44c3-a4d8-4dfa0a30de60.jpg</screenshotFileDescription>
</http-page>
<http-action actionType="1" contentType="text/javascript; charset=UTF-8"
    extractorInjectPathPolicy="2" extractorPathPolicy="1"
    followRedirects="false" generatedByClient="false"
    linkExtractorSeveralMatchOccurrence="1"
    linkExtractorSeveralMatchPolicy="1" linkExtractorType="6"
    method="GET" name="/maps/api/js/ViewportInfoService.GetViewportInfo"
    path="/maps/api/js/ViewportInfoService.GetViewportInfo" postType="1"
    recordedArtifactZipFileName="team/vus/ushaidi/%resources%/recorded-artifacts/33465473-76a8-44c3-a4d8-4dfa0a30de60.zip"
    recordedResponseCode="200" responseSize="15093"
    serverUid="maps.googleapis.com" slaProfileEnabled="false"
    uid="5c84055d-8e64-404d-a684-a1d49686c871" useKeepAlive="false">
    <responsePageFileDescription>recorded-responses/res_5c84055d-8e64-404d-a684-a1d49686c871</responsePageFileDescription>
    <requestContentFileDescription>recorded-requests/req_5c84055d-8e64-404d-a684-a1d49686c871.txt</requestContentFileDescription>
    <parameter encodeName="true" encodeValue="true" name="1m6"
        recordRawValue="" separator="" value="" valueMode="USE_VALUE"/>
    <parameter encodeName="true" encodeValue="true" name="1m2"
        recordRawValue="" separator="" value="" valueMode="USE_VALUE"/>
    <parameter encodeName="true" encodeValue="true"
        name="1d-32.604251163693974" recordRawValue="" separator=""
        value="" valueMode="USE_VALUE"/>
    <parameter encodeName="true" encodeValue="true" name="2d-180"
        recordRawValue="" separator="" value="" valueMode="USE_VALUE"/>
    <parameter encodeName="true" encodeValue="true" name="2m2"
        recordRawValue="" separator="" value="" valueMode="USE_VALUE"/>
    <parameter encodeName="true" encodeValue="true" name="1d90"
        recordRawValue="" separator="" value="" valueMode="USE_VALUE"/>
    <parameter encodeName="true" encodeValue="true" name="2d180"
        recordRawValue="" separator="" value="" valueMode="USE_VALUE"/>
    <parameter encodeName="true" encodeValue="true" name="2u3"
        recordRawValue="" separator="" value="" valueMode="USE_VALUE"/>
    <parameter encodeName="true" encodeValue="true" name="4sen-US"
        recordRawValue="" separator="" value="" valueMode="USE_VALUE"/>
    <parameter encodeName="true" encodeValue="true" name="5e3"
        recordRawValue="" separator="" value="" valueMode="USE_VALUE"/>
    <parameter encodeName="true" encodeValue="true" name="6sm@467000000"
        recordRawValue="" separator="" value="" valueMode="USE_VALUE"/>
    <parameter encodeName="true" encodeValue="true" name="7b0"
        recordRawValue="" separator="" value="" valueMode="USE_VALUE"/>
    <parameter encodeName="true" encodeValue="true" name="8e0"
        recordRawValue="" separator="" value="" valueMode="USE_VALUE"/>
    <parameter encodeName="true" encodeValue="true" name="callback"
        recordRawValue="_xdc_._dotatb" separator="="
        value="_xdc_._dotatb" valueMode="USE_VALUE"/>
    <parameter encodeName="true" encodeValue="true" name="token"
        recordRawValue="43618" separator="=" value="43618" valueMode="USE_VALUE"/>
    <header name="referer" value="http://ushahidi.demo.neotys.com/"/>
    <header name="accept-language" value="en-US,en;q=0.9,fr;q=0.8"/>
    <header name="x-client-data" value="CJG2yQEIpLbJAQjBtskBCKmdygEIqKPKAQixp8oBCOKoygEI8anKAQjyqcoBCMatygE="/>
    <header name="dnt" value="1"/>
    <header name="accept-encoding" value="gzip, deflate, br"/>
    <header name="accept" value="*/*"/>
    <header name="user-agent" value="Mozilla/5.0 (Windows NT 6.3; Win64; x64) AppleWebKit/537.36 (KHTML, like Gecko) Chrome/74.0.3729.169 Safari/537.36"/>
    <responseHeaders>HTTP/2.0 200&#xd;
content-type: text/javascript; charset=UTF-8&#xd;
date: Thu, 30 May 2019 04:55:32 GMT&#xd;
pragma: no-cache&#xd;
expires: Fri, 01 Jan 1990 00:00:00 GMT&#xd;
cache-control: no-cache, must-revalidate&#xd;
content-disposition: attachment&#xd;
content-encoding: gzip&#xd;
server: mafe&#xd;
content-length: 3444&#xd;
x-xss-protection: 0&#xd;
x-frame-options: SAMEORIGIN&#xd;
server-timing: gfet4t7; dur=57&#xd;
alt-svc: quic=":443"; ma=2592000; v="46,44,43,39"</responseHeaders>
    <record-html-infos extractorRegExp="false" htmlType="0"/>
</http-action>
<http-action actionType="1" contentType="text/javascript; charset=UTF-8"
    extractorInjectPathPolicy="2" extractorPathPolicy="1"
    followRedirects="false" generatedByClient="false"
    linkExtractorSeveralMatchOccurrence="1"
    linkExtractorSeveralMatchPolicy="1" linkExtractorType="6"
    method="GET" name="/maps/api/js/AuthenticationService.Authenticate"
    path="/maps/api/js/AuthenticationService.Authenticate" postType="1"
    recordedArtifactZipFileName="team/vus/ushaidi/%resources%/recorded-artifacts/33465473-76a8-44c3-a4d8-4dfa0a30de60.zip"
    recordedResponseCode="200" responseSize="62"
    serverUid="maps.googleapis.com" slaProfileEnabled="false"
    uid="8ee1442d-8830-4894-9e31-31655338ec5f" useKeepAlive="false">
    <responsePageFileDescription>recorded-responses/res_8ee1442d-8830-4894-9e31-31655338ec5f</responsePageFileDescription>
    <requestContentFileDescription>recorded-requests/req_8ee1442d-8830-4894-9e31-31655338ec5f.txt</requestContentFileDescription>
    <parameter encodeName="true" encodeValue="true"
        name="1shttp://ushahidi.demo.neotys.com/" recordRawValue=""
        separator="" value="" valueMode="USE_VALUE"/>
    <parameter encodeName="true" encodeValue="true"
        name="5shttp://ushahidi.demo.neotys.com/" recordRawValue=""
        separator="" value="" valueMode="USE_VALUE"/>
    <parameter encodeName="true" encodeValue="true" name="callback"
        recordRawValue="_xdc_._gx1ooo" separator="="
        value="_xdc_._gx1ooo" valueMode="USE_VALUE"/>
    <parameter encodeName="true" encodeValue="true" name="token"
        recordRawValue="34741" separator="=" value="34741" valueMode="USE_VALUE"/>
    <header name="referer" value="http://ushahidi.demo.neotys.com/"/>
    <header name="accept-language" value="en-US,en;q=0.9,fr;q=0.8"/>
    <header name="x-client-data" value="CJG2yQEIpLbJAQjBtskBCKmdygEIqKPKAQixp8oBCOKoygEI8anKAQjyqcoBCMatygE="/>
    <header name="dnt" value="1"/>
    <header name="accept-encoding" value="gzip, deflate, br"/>
    <header name="accept" value="*/*"/>
    <header name="user-agent" value="Mozilla/5.0 (Windows NT 6.3; Win64; x64) AppleWebKit/537.36 (KHTML, like Gecko) Chrome/74.0.3729.169 Safari/537.36"/>
    <responseHeaders>HTTP/2.0 200&#xd;
content-type: text/javascript; charset=UTF-8&#xd;
date: Thu, 30 May 2019 04:55:33 GMT&#xd;
pragma: no-cache&#xd;
expires: Fri, 01 Jan 1990 00:00:00 GMT&#xd;
cache-control: no-cache, must-revalidate&#xd;
content-disposition: attachment&#xd;
content-encoding: gzip&#xd;
server: mafe&#xd;
content-length: 63&#xd;
x-xss-protection: 0&#xd;
x-frame-options: SAMEORIGIN&#xd;
server-timing: gfet4t7; dur=4&#xd;
alt-svc: quic=":443"; ma=2592000; v="46,44,43,39"</responseHeaders>
    <record-html-infos extractorRegExp="false" htmlType="0"/>
</http-action>
<http-action actionType="1" contentType="text/javascript; charset=UTF-8"
    extractorInjectPathPolicy="2" extractorPathPolicy="1"
    followRedirects="false" generatedByClient="false"
    linkExtractorSeveralMatchOccurrence="1"
    linkExtractorSeveralMatchPolicy="1" linkExtractorType="6"
    method="GET" name="/maps/api/js/QuotaService.RecordEvent"
    path="/maps/api/js/QuotaService.RecordEvent" postType="1"
    recordedArtifactZipFileName="team/vus/ushaidi/%resources%/recorded-artifacts/33465473-76a8-44c3-a4d8-4dfa0a30de60.zip"
    recordedResponseCode="200" responseSize="686"
    serverUid="maps.googleapis.com" slaProfileEnabled="false"
    uid="2ab52e77-41f5-4fb2-91fc-981094335c13" useKeepAlive="false">
    <responsePageFileDescription>recorded-responses/res_2ab52e77-41f5-4fb2-91fc-981094335c13</responsePageFileDescription>
    <requestContentFileDescription>recorded-requests/req_2ab52e77-41f5-4fb2-91fc-981094335c13.txt</requestContentFileDescription>
    <parameter encodeName="true" encodeValue="true"
        name="1shttp://ushahidi.demo.neotys.com/" recordRawValue=""
        separator="" value="" valueMode="USE_VALUE"/>
    <parameter encodeName="true" encodeValue="true" name="7sa6qmxh"
        recordRawValue="" separator="" value="" valueMode="USE_VALUE"/>
    <parameter encodeName="true" encodeValue="true" name="10e1"
        recordRawValue="" separator="" value="" valueMode="USE_VALUE"/>
    <parameter encodeName="true" encodeValue="true" name="callback"
        recordRawValue="_xdc_._s4iyqf" separator="="
        value="_xdc_._s4iyqf" valueMode="USE_VALUE"/>
    <parameter encodeName="true" encodeValue="true" name="token"
        recordRawValue="92916" separator="=" value="92916" valueMode="USE_VALUE"/>
    <header name="referer" value="http://ushahidi.demo.neotys.com/"/>
    <header name="accept-language" value="en-US,en;q=0.9,fr;q=0.8"/>
    <header name="x-client-data" value="CJG2yQEIpLbJAQjBtskBCKmdygEIqKPKAQixp8oBCOKoygEI8anKAQjyqcoBCMatygE="/>
    <header name="dnt" value="1"/>
    <header name="accept-encoding" value="gzip, deflate, br"/>
    <header name="accept" value="*/*"/>
    <header name="user-agent" value="Mozilla/5.0 (Windows NT 6.3; Win64; x64) AppleWebKit/537.36 (KHTML, like Gecko) Chrome/74.0.3729.169 Safari/537.36"/>
    <responseHeaders>HTTP/2.0 200&#xd;
content-type: text/javascript; charset=UTF-8&#xd;
date: Thu, 30 May 2019 04:55:33 GMT&#xd;
pragma: no-cache&#xd;
expires: Fri, 01 Jan 1990 00:00:00 GMT&#xd;
cache-control: no-cache, must-revalidate&#xd;
content-disposition: attachment&#xd;
content-encoding: gzip&#xd;
server: mafe&#xd;
content-length: 243&#xd;
x-xss-protection: 0&#xd;
x-frame-options: SAMEORIGIN&#xd;
server-timing: gfet4t7; dur=2&#xd;
alt-svc: quic=":443"; ma=2592000; v="46,44,43,39"</responseHeaders>
    <record-html-infos extractorRegExp="false" htmlType="0"/>
</http-action>
